Country,Code,1991,1992,1993,1994,1995,1996,1997,1998,1999,2000,2001,2002,2003,2004,2005,2006,2007,2008,2009,2010,2011,2012,2013,2014,2015
Afghanistan,AFG,2.75255,3.98976,2.06406,4.4355,2.36155,1.63855,2.32419,2.48805,3.7432,2.63105,2.92321,2.09939,4.26251,2.73467,2.03237,3.87466,1.12318,4.6288,1.77732,2.32405,3.23454,2.71221,2.66595,4.65478,5.02413
Albania,ALB,26.8189,4.5501,12.6506,13.1311,8.03377,7.18345,9.08805,21.7105,31.6636,6.99524,14.4568,32.3347,16.8868,33.1179,35.298,46.5312,0.44058,10.945,17.7822,8.49231,7.59018,3.95944,5.50401,14.813,1.94643
Algeria,DZA,1.99575,2.0525,1.12972,0.99524,0.6592,2.26842,1.34868,1.95791,0.97543,1.11597,0.32553,0.93544,1.17778,3.2436,1.35048,1.5274,1.54004,1.9491,1.32254,3.37996,3.49012,1.73942,1.51247,1.30532,0.3374
American Samoa,ASM,64.22,50.22,81.9799,91.4,76.4599,42.98,55.9599,29.36,76.82,82.82,69.9399,53.1,107.94,60.2599,121.379,113.879,110.66,92.44,83.3799,97.76,48.8999,74.6399,136.8,71.9599,43.5799
Andorra,AND,14.5929,17.0957,1.49444,10.651,31.0636,57.5517,13.355,24.788,17.3837,21.0693,17.3329,34.1704,11.4656,15.7741,22.5728,13.5307,8.56901,18.6055,25.7137,16.6208,21.6872,5.79884,24.2857,22.7357,1.77501
Angola,AGO,0.42727,0.35312,0.18252,0.2071,0.14351,0.36617,0.28515,0.16095,0.19589,0.15386,0.20106,0.41242,0.22349,0.31253,0.31289,0.32259,0.235,0.38864,0.49801,0.38423,0.31126,0.29488,0.27255,0.28854,0.41799
Anguilla,AIA,65.8499,54.625,38.4,29.625,39.0749,42.9749,32.9249,33.5499,28.375,24.25,42.5499,63.3499,33.075,42.975,26.0,55.125,59.5499,64.1999,29.95,40.15,49.4,13.725,35.2249,40.15,27.1749
Antigua and Barbuda,ATG,97.4466,93.9224,80.4005,59.7082,64.0157,80.705,69.4856,51.0172,54.5794,68.6685,68.8561,109.541,58.4499,113.683,50.765,89.6049,111.424,103.574,58.6212,57.481,106.489,42.423,68.1194,78.7327,73.1167
Argentina,ARG,20.6415,17.8754,15.0541,18.6353,14.0834,10.027,24.362,20.1607,20.0382,20.8136,26.3684,19.2004,20.5945,16.3495,16.4898,12.2467,14.2244,21.1282,13.62,13.377,16.7554,8.00085,16.1189,20.0404,19.591
Armenia,ARM,7.92143,14.5382,10.2085,20.9373,7.64419,4.55869,8.61049,13.3118,2.93076,10.2499,6.86979,11.7133,19.8211,13.5891,17.4459,16.6426,3.45244,8.78541,15.4135,0.31619,7.46499,11.2759,22.837,8.45781,4.99513
Aruba,ABW,8.26521,1.93926,9.64099,2.01566,4.35272,3.82762,5.48386,2.15322,15.9323,12.1693,1.19393,6.07711,0.26942,24.6636,3.35209,22.1116,1.25065,20.7498,24.8661,0.86428,45.0147,13.304,2.08323,0.54847,5.59517
Australia,AUS,7.30604,10.5491,8.64618,6.71208,9.83046,20.7476,10.5505,22.9223,13.4614,10.7898,13.8792,7.06573,14.6617,14.7184,10.0094,7.69458,8.52114,8.54087,11.3675,13.4239,13.5249,8.97736,9.99716,10.0215,8.3616
Austria,AUT,31.5673,18.6689,27.5514,30.5663,13.8801,37.6604,31.5779,15.4093,50.1423,53.4577,33.1349,20.6923,20.0367,46.9502,48.5716,47.6911,12.1818,23.3953,47.2021,45.2791,4.11943,28.8211,44.516,49.6195,18.8286
Azerbaijan,AZE,4.58279,16.5034,9.00937,11.9273,10.7815,10.2926,8.52771,13.1666,1.69616,5.61493,11.9803,10.9776,16.7997,20.8601,15.4848,2.86622,0.95637,17.0914,8.4977,0.89041,8.22289,8.62204,19.5544,9.61048,9.84383
Bahrain,BHR,0.0,0.00152,0.0,0.0,0.0,0.0,0.0,0.0,0.0,0.0,0.0,0.0,0.0,0.0,0.0,0.0,0.0,0.0,0.0,0.0,0.00792,0.00975,0.00792,0.00975,0.00975
Bangladesh,BGD,13.7705,3.54431,0.00593,0.04772,1.06872,0.23743,9.55559,0.01302,0.13154,0.35132,0.11526,0.31591,4.98562,3.14506,0.90572,0.01116,0.91504,1.77587,1.09742,0.0201,0.32617,2.54444,0.73076,0.53106,5.06601
Barbados,BRB,57.3764,44.7454,58.0035,32.4522,55.4259,54.0025,36.1896,13.0442,41.6142,102.673,20.9803,33.5617,39.0606,101.596,40.999,53.6362,41.6908,54.7966,35.2662,9.59551,103.498,51.3536,61.0828,36.0187,42.4514
Belarus,BLR,18.4549,26.3526,9.94054,18.9896,23.6412,21.0677,16.4767,32.7395,25.9905,6.85383,32.8247,20.7895,19.4697,36.7199,16.7492,9.34571,20.6946,32.1555,11.1044,26.2231,10.1762,38.8374,26.9327,14.7646,9.51511
Belgium,BEL,15.769,29.5186,7.11269,41.6463,22.1141,6.52837,8.16909,14.5769,40.4538,42.6721,28.9631,39.7222,27.6682,31.918,38.9784,19.0811,1.67234,46.6297,34.7352,21.1584,12.4382,23.9332,37.0897,20.4739,38.9527
Belize,BLZ,24.1704,19.6275,55.5336,40.5548,27.3909,35.3516,31.2168,10.1433,21.3152,12.6582,13.4801,15.0932,30.8566,41.7762,15.647,12.677,32.2501,25.5607,24.1169,26.156,24.8177,39.4245,26.3919,31.2623,21.1534
Benin,BEN,1.8003,0.11485,0.13853,1.78688,0.09556,0.61941,0.36453,2.247,1.34373,0.466,0.75686,0.18602,1.02467,0.78728,0.13362,0.17112,0.10557,0.89395,1.68973,1.96296,0.29598,2.50464,4.29769,1.07895,0.4648
Bermuda,BMU,97.0,97.0,97.0,97.0,97.0,97.0,97.0,97.0,97.0,97.0,50.5,97.0,97.0,65.5,19.7,97.0,97.0,65.5,65.0999,18.9,23.1,24.7,57.5999,56.4,59.9
Bhutan,BTN,1.27252,2.32434,0.16381,0.84683,6.07499,0.0,5.59595,0.21044,1.56471,0.25468,0.02582,3.9727,5.34768,0.77713,0.06595,0.00787,0.3757,1.63274,3.28247,0.03402,0.39032,0.59002,0.24253,0.77441,3.37146
Bolivia,BOL,8.16148,27.7654,13.8,15.9664,7.90942,3.38439,8.8333,4.92963,1.35359,20.7862,18.6827,15.5166,5.92141,10.49,19.5784,15.7723,1.41933,13.3489,24.8485,7.69902,12.3101,10.7118,8.105,15.8119,20.4351
Bosnia and Herzegovina,BIH,33.8083,22.0682,16.6993,32.2475,6.22852,48.7229,27.6219,15.3362,62.697,16.6337,27.6325,34.7135,10.4203,64.2904,47.4284,37.6813,14.0773,23.0385,45.2733,62.0519,29.358,2.62588,23.0214,42.9142,1.36251
Botswana,BWA,0.00079,0.0041,0.05498,0.00621,0.00118,0.07325,0.06229,0.1023,0.07397,0.16469,0.28068,0.17168,0.31172,0.16466,0.00062,0.10935,0.00055,0.03378,0.00494,0.00374,0.27922,0.06146,0.16033,0.05942,0.48311
Brazil,BRA,48.5451,53.9593,60.2982,56.0826,42.6661,52.5808,50.4032,61.3108,45.5621,71.4196,45.7124,55.8905,57.2875,53.0218,46.6327,45.3446,49.9335,54.1944,60.1821,40.6411,50.6007,38.7857,59.2378,49.3802,45.9809
British Indian Ocean Territory (Chagos Archipelago),IOT,138,138,138,138,138,138,138,138,138,138,138,138,138,138,138,138,138,138,138,138,138,138,138,138,138
British Virgin Islands,VGB,76.74,58.2064,35.6016,61.8608,51.5212,23.0681,18.3185,117.119,30.2079,32.914,48.2041,61.6801,50.3245,107.424,9.98334,42.2265,70.2469,44.1464,85.7267,52.5417,90.9205,12.2116,63.5973,28.9243,53.1858
Brunei Darussalam,BRN,90.4892,50.1833,85.0738,131.003,155.217,198.063,82.7174,36.8694,145.674,106.147,120.219,88.2536,85.1529,112.976,86.233,151.23,180.207,224.838,126.444,44.3638,175.837,157.318,151.806,130.102,67.6706
Bulgaria,BGR,14.8913,6.31078,17.1564,7.84975,22.2165,13.2002,9.00595,19.1215,38.7604,12.9403,6.47983,17.8873,16.2877,20.0501,33.9954,28.0598,8.54215,5.22498,28.3897,20.4245,2.15744,13.093,7.00789,10.0058,2.20802
Burkina Faso,BFA,1e-05,0.00015,2e-05,0.00064,0.0,0.00113,0.0,0.03217,0.0,9e-05,0.03569,0.01425,0.03739,0.13599,0.1836,0.12388,0.02665,0.02936,0.02178,0.0218,0.00448,0.02539,0.03863,0.10331,0.00572
Burundi,BDI,4.45669,0.48205,0.02214,3.38934,0.41499,2.37492,0.83319,1.2301,0.05687,1.51291,14.0079,0.12659,0.28377,0.94139,0.31158,3.00776,8.37351,2.2701,1.71929,3.32654,15.4803,1.71632,1.71632,5.19877,3.70545
Cambodia,KHM,5.27934,12.1575,5.00516,7.93169,6.07373,5.62304,14.3266,5.31015,18.7292,14.9987,12.9082,3.18075,3.6128,9.43513,6.1495,9.50336,9.44379,4.51367,3.48986,16.3974,7.9584,16.894,17.6875,5.87504,9.95162
Cameroon,CMR,9.09192,3.90181,14.7782,9.5382,4.48332,12.9391,5.45877,11.2801,10.1749,7.68736,3.30283,5.68236,11.4927,15.7605,9.79665,16.325,21.0129,15.596,13.1954,17.1637,13.9573,14.9804,17.9524,12.5311,4.79933
Canada,CAN,21.5626,20.7286,16.4194,21.9169,23.1061,24.8889,21.4957,20.8006,24.2308,19.2078,20.9583,20.5899,20.6634,18.7236,23.4769,24.6416,22.77,23.493,21.4347,17.889,21.983,20.2352,20.3904,20.4754,22.1772
"Cape Verde, Republic of",CPV,0.39197,2.79223,2.79516,2.79223,2.79223,2.79555,2.79223,2.79555,2.79223,2.79223,11.6626,11.6626,3.64953,3.89366,12.101,12.101,11.6626,12.101,11.6626,11.6626,6.30889,7.18039,2.16174,5.48268,1.71054
Cayman Islands,CYM,7.3,14.8,26.2,15.1,14.5,21.2999,12.7,5.0,10.3,7.6,5.3,27.2,8.4,25.6,7.0,2.2,6.2,7.2,12.4,9.7,1.8,9.4,9.4,9.4,7.4
Central African Republic,CAF,2.20764,3.30626,7.15693,3.37127,4.01655,1.28832,2.38778,5.95923,7.66093,3.37457,6.32404,7.44203,8.27984,2.03049,6.83664,8.29011,6.41295,7.73461,8.55853,9.43089,8.2627,8.19496,7.88676,6.29861,5.36678
Chad,TCD,0.1378,0.1378,0.14087,0.13796,0.14,0.09697,0.13858,0.13946,0.13944,0.14078,0.14078,0.14078,0.14063,0.14033,0.14167,0.14078,0.1406,0.14004,0.14078,0.14078,0.14086,0.14078,0.14006,0.13964,0.14069
Chile,CHL,29.2822,19.9077,26.9879,24.473,16.2611,26.6802,25.728,26.8987,23.3965,29.2168,20.7193,22.3872,19.0815,27.5726,21.3332,25.3321,16.2928,16.7985,24.942,24.4365,19.303,28.5511,19.0964,20.2614,15.5395
China,CHN,11.678,12.3963,8.02144,7.3113,4.89857,4.49444,12.3239,8.05708,5.06505,10.8417,13.6668,11.4322,7.57194,12.1801,7.87605,7.72177,7.90136,4.98484,5.60178,11.5969,6.30452,13.741,6.74876,4.07324,11.5442
Christmas Island,CXR,67.0,135.899,74.8,71.4,67.0,103.5,67.0,123.599,83.5999,99.5999,108.199,98.4,100.9,74.0,99.0999,72.8,83.4,75.6999,73.1999,142.8,75.9,75.8,108.0,85.0999,75.4
Cocos (Keeling) Islands,CCK,11.2,48.7999,32.4,6.2,63.0,60.0999,8.0,22.6,13.1,38.7,99.0,2.7,26.6,4.8,35.5,5.2,29.5,24.7999,22.2,99.0,16.2999,16.7999,3.3,56.7999,23.9
Colombia,COL,56.1426,59.9233,119.358,111.959,72.8301,109.21,117.287,73.4475,163.334,109.662,71.8497,61.9998,65.7428,89.6236,118.118,97.0286,38.6912,138.163,110.376,43.1041,142.977,90.5267,58.7334,89.1602,96.3039
Comoros,COM,6.35091,27.8102,13.1998,12.8504,16.9508,18.4197,13.4896,18.9725,27.6603,34.4474,13.3472,27.9541,21.1342,22.0929,5.30457,19.3626,18.4455,18.8045,14.5709,7.05155,17.6645,15.7317,20.3891,8.38393,2.83229
"Congo, Rep.",COG,40.8086,41.9969,53.9516,40.0911,40.6831,35.4327,45.4944,42.6887,73.775,49.2831,37.3149,30.2219,41.3507,57.4589,38.527,45.237,57.1861,67.7642,47.3664,46.1291,59.502,27.3726,39.2767,36.8218,25.219
"Congo, Dem. Rep.",ZAR,54.975,46.338,54.5785,47.6201,43.109,36.3507,55.897,58.5146,53.7098,60.1359,60.5214,49.7579,52.1133,56.7408,49.886,60.1666,69.8126,64.3761,62.4516,67.8508,57.2785,62.6701,56.2075,54.229,54.1057
Cook Islands,COK,67.0923,17.3329,37.851,56.2151,69.1797,44.0832,21.3407,40.1327,27.9995,32.9887,32.7971,44.2637,41.3638,70.2635,54.5194,96.5562,96.5562,96.5562,96.5562,96.5562,96.5562,96.5562,96.5562,96.5562,96.5562
Costa Rica,CRI,43.2716,46.6909,44.0239,27.5361,31.5574,52.0488,49.2278,17.2816,35.195,20.7806,38.6376,15.8772,32.0839,81.444,97.6739,25.7607,22.0163,95.0827,57.8886,134.592,80.7023,32.2338,26.7143,53.3254,70.9102
Cote d'Ivoire,CIV,7.5972,5.40444,3.4145,2.79454,4.40726,11.423,5.80033,13.7126,5.92776,9.53135,7.73359,5.21451,9.74176,6.37203,14.1596,8.24368,6.70205,7.73132,6.53518,12.5453,6.33514,6.19043,8.77777,12.9121,5.18701
Croatia,HRV,30.6237,23.2548,13.6092,35.7097,17.1375,44.2431,32.2131,10.1908,55.1964,16.7707,30.0495,26.5086,14.1434,64.0547,36.6495,36.0349,6.5211,28.1998,40.9639,73.2012,24.7887,4.91345,24.2031,37.4211,1.43578
Cuba,CUB,17.3558,17.1167,34.8351,38.0054,37.7627,17.5588,16.5543,13.7161,16.0882,16.5944,20.7998,21.7703,18.6012,21.8387,11.3414,7.6371,37.1762,25.6966,13.0884,21.2388,15.6161,13.5033,6.17957,23.2068,28.0544
Cyprus,CYP,0.12668,1.24666,0.0,0.10564,0.07608,0.00327,0.00996,0.00042,0.77671,0.00042,0.01369,0.81599,0.01517,0.01922,0.03172,0.17001,0.0345,0.01999,0.00172,0.11242,0.10276,0.05335,0.05011,0.88705,0.44545
Czech Republic,CZE,13.71,20.0164,17.0419,18.3601,10.3381,22.8837,18.4944,16.7599,32.8235,19.3998,23.9594,20.714,8.36256,22.9521,11.9565,22.2021,4.24207,22.1908,18.8309,16.4959,1.09014,15.9029,15.6955,12.1844,11.9445
Denmark,DNK,25.5852,3.11594,16.2476,12.1285,25.1006,6.39706,6.19812,30.3711,36.9666,36.6788,32.0088,30.567,11.9867,39.2088,28.8989,26.9755,10.1354,11.8552,12.9624,24.7218,14.7136,15.4834,7.95334,33.4497,27.5805
Djibouti,DJI,1.90012,0.99534,0.98166,0.26819,0.70316,0.72653,0.52291,0.26729,0.40929,0.44941,5.32063,4.21119,4.14396,3.99495,2.59369,2.74543,2.5937,2.59373,6.88918,2.98158,3.64253,4.8398,2.59369,2.82943,3.00657
Dominica,DMA,126.023,129.755,158.525,82.9703,67.5827,97.3242,88.9125,53.2515,69.3078,127.441,74.998,124.094,66.1223,138.776,61.3549,95.4825,121.55,128.707,51.6498,24.7129,135.773,76.7174,101.636,96.6317,64.9086
Dominican Republic,DOM,13.1132,43.127,41.7916,25.6743,31.3256,37.2069,19.0307,63.3213,36.815,21.9874,31.5868,17.041,66.2835,21.9615,19.6799,16.3372,70.1204,42.0838,52.4558,56.6086,38.9999,35.0387,20.7046,40.2403,30.6642
Ecuador,ECU,73.6834,63.4523,54.3405,116.052,41.4737,78.8796,95.2532,69.8003,100.59,49.8746,36.4982,52.3795,52.3259,63.9778,61.5733,72.7268,72.3173,67.4537,37.491,67.2035,73.1485,50.8045,55.3519,100.367,35.5892
"Egypt, Arab Rep.",EGY,1.08488,0.48628,0.45206,0.8433,0.8944,0.90565,1.1276,0.31544,0.40786,0.88119,0.74033,0.73791,0.25983,0.34131,0.50311,0.66772,0.72513,0.44035,0.40203,0.20643,0.54651,0.81307,0.5546,0.83864,1.40405
El Salvador,SLV,0.34512,4.70685,1.42954,7.06405,8.67129,2.65689,9.89341,2.81534,8.18738,2.537,4.56032,3.65674,2.97967,8.78039,4.24384,2.56569,3.35094,7.60931,7.22425,1.13645,9.74597,4.17591,5.46446,2.94409,2.99835
Equatorial Guinea,GNQ,70.3536,22.6043,60.4202,38.1365,77.6805,46.6309,51.4123,21.8961,59.4433,72.5937,25.1581,41.6547,67.7043,67.9875,16.9386,44.5196,42.3335,26.2902,9.5445,34.1474,21.5459,20.2966,55.9623,14.7931,19.209
Eritrea,ERI,0.82673,1.55835,1.57178,1.08263,1.82742,1.03606,0.56603,0.65589,0.5957,0.69674,3.3222,4.57706,3.29963,3.01729,2.90507,2.04949,2.365,2.01535,2.94213,3.21871,2.01762,3.07231,2.01535,4.40487,2.01535
Estonia,EST,25.6402,16.5179,7.60622,6.88281,30.4997,13.4831,15.8032,21.0718,20.2227,19.8709,34.3579,14.6493,16.3775,8.71872,17.2672,19.172,26.4314,18.9037,10.0479,23.6939,17.0532,40.3446,14.72,16.8584,10.4247
Ethiopia,ETH,12.1308,14.7063,3.02953,2.76764,1.27129,6.45138,1.2033,1.45526,2.74477,1.04437,7.96503,12.1078,8.39026,11.7228,2.76402,5.44236,4.62714,6.53903,15.9013,9.99093,5.8848,11.5668,4.06617,6.33451,3.19688
Falkland Islands (Malvinas),FLK,34.53,34.0899,34.4687,34.0743,34.0282,33.8912,35.6069,33.7116,35.6554,35.4777,33.9812,35.3275,35.3989,33.8323,34.4137,34.5554,35.6968,34.1562,33.9844,33.706,35.1463,33.868,36.1425,35.7371,34.6063
Faroe Islands,FRO,43.0996,52.8166,56.5998,52.0174,22.7955,66.0433,58.92,26.8997,79.4908,26.6667,72.2651,61.8399,48.4122,81.9619,55.904,49.657,8.71696,24.8022,23.6758,48.0545,102.622,38.361,54.7357,53.5177,44.4972
Fiji,FJI,64.3224,38.2185,49.3863,72.6372,82.8896,88.3714,77.5817,49.4841,105.018,112.003,98.2905,108.426,88.7159,98.1061,88.1837,99.1689,95.9734,101.716,105.786,91.6505,107.331,100.681,87.2185,95.1577,95.6827
Finland,FIN,14.5536,21.4954,9.12444,6.23987,15.5917,11.024,28.4299,15.8754,22.8496,25.1906,18.8091,12.6672,14.1544,9.3322,8.69366,16.8363,17.4054,22.7027,16.8198,16.8967,19.2076,29.5903,12.9056,19.0369,26.4068
France,FRA,25.2036,26.9124,15.4746,33.7835,29.9806,36.1573,11.883,16.8284,56.8839,24.3608,37.0432,36.7972,29.6897,29.7795,37.4655,35.7301,33.9054,33.9656,37.5996,30.4675,19.2185,10.3028,47.1398,37.5879,24.369
French Guiana,GUF,26.8911,8.09032,50.9549,54.6571,34.5449,41.1975,14.1808,27.9319,9.32396,53.9424,40.7999,20.9649,51.825,37.7423,25.8089,36.2205,72.2123,26.1876,15.9399,42.4741,45.6826,18.2802,76.2755,29.9048,13.481
French Polynesia,PYF,49.142,83.9377,71.1626,63.089,50.661,82.9839,35.5412,52.7745,19.304,33.5266,27.9524,54.4013,37.6431,67.4495,42.4683,43.6208,33.8876,44.2443,59.2733,36.0803,17.0915,30.4494,37.186,27.8902,43.6233
Gabon,GAB,12.9021,5.29704,17.6641,10.8351,9.89866,13.1604,8.47451,5.19543,26.9971,20.4979,5.61393,10.325,13.5634,15.8293,9.81972,10.6594,20.1593,10.8661,3.91538,24.519,14.8984,2.59992,16.0254,3.84771,3.57378
"Palestinian Territory, Occupied",PSE,0.00443,0.01095,0.00036,0.00443,0.00106,0.00469,0.00443,0.00443,0.0,0.0039,0.00036,0.00677,0.00897,0.00273,0.00717,0.00096,0.00728,0.00662,0.00673,0.00043,0.01627,0.01072,0.01005,0.01149,0.00478
Georgia,GEO,43.9792,33.5529,32.4169,23.7386,30.862,15.3586,25.2302,34.2361,12.9575,18.7918,23.4861,29.5859,56.8241,42.0604,46.3149,22.2617,21.6329,40.3379,35.0388,12.678,16.6935,37.4449,38.329,27.8118,32.4495
Germany,DEU,22.4209,29.8259,17.887,26.8628,22.3478,5.06111,9.77542,20.2031,40.8223,37.8503,40.9013,38.9526,15.8144,33.4883,39.6769,22.4426,6.57799,32.9395,26.8949,20.3981,2.7941,13.5742,33.7977,18.8273,20.1867
Ghana,GHA,5.79903,0.47125,2.7644,2.55048,0.64162,5.59731,6.066,13.4064,3.38991,5.71254,6.86944,3.10914,11.8563,16.3479,3.66069,4.47507,0.35957,3.27101,1.18577,10.5499,3.22211,19.9203,9.83384,7.34314,0.73514
Gibraltar,GIB,1.755,0.435,0.18,0.71,0.4275,1.955,3.7675,0.0575,1.2775,0.0,0.0725,0.0,0.23,0.16,0.0,2.53,0.0175,0.03,0.3475,6.505,0.005,0.005,0.0025,0.1375,0.885
Greece,GRC,11.5712,8.51139,2.91558,4.16198,12.1964,5.15745,6.1926,5.13934,12.881,5.49147,5.9276,13.6156,13.8915,11.2475,13.5225,14.3495,0.30464,7.03884,17.1646,4.99427,6.63086,2.16188,14.9668,11.0685,7.63472
Greenland,GRL,27.5861,24.2271,24.2084,27.4417,20.5474,26.3276,26.9975,29.015,30.3942,25.3936,27.3597,21.6994,23.1083,21.0714,30.1406,21.4738,20.7926,25.7879,26.1102,26.3288,24.9139,33.2156,31.1329,26.9479,26.8959
Grenada,GRD,41.4,28.1,29.4,28.4,15.8,23.7999,20.2,19.1,12.1,85.5,8.6,20.4,14.6,25.2999,12.6,15.3,21.2999,31.0,12.8,2.2,64.4,18.0,19.9,16.0,18.1
Guadeloupe,GLP,124.079,134.382,138.736,76.9926,77.0345,105.417,98.7918,58.9687,74.0191,135.251,86.5488,134.516,73.8974,160.371,67.137,109.071,139.617,137.579,70.7795,47.2802,142.879,66.8886,100.995,105.307,81.536
Guam,GUM,123.609,74.8491,93.9416,139.273,46.8449,215.538,133.565,80.1355,133.791,113.839,142.578,141.163,163.572,183.834,115.027,258.164,115.676,170.45,140.242,82.1995,356.554,211.382,111.153,243.008,28.1876
Guatemala,GTM,13.6581,27.6313,25.0491,31.5185,51.5923,11.575,45.8715,17.1601,40.0532,15.86,22.336,38.0175,27.1002,43.7209,10.6625,11.8432,30.0817,31.9954,22.813,25.5711,37.8665,33.9004,42.6429,24.7005,19.4589
Guinea,GIN,3.44567,3.8098,0.17541,0.59609,0.00486,8.76149,0.80989,2.019,0.82818,1.55794,1.11841,1.15569,1.39297,1.08176,2.54788,2.55614,2.27922,1.49334,1.39297,1.47826,1.352,1.31425,2.34269,1.77887,0.86222
Guinea-Bissau,GNB,0.0,0.00035,0.00774,0.00035,0.00035,0.00035,0.0,0.00045,0.00035,0.00045,0.00218,0.0081,0.00218,0.00218,0.00218,0.00264,0.00218,0.00218,0.00218,0.00126,0.00205,0.00218,0.00426,0.00218,0.00126
Guyana,GUY,42.9826,37.5346,98.6485,94.7375,50.2956,45.93,28.2292,28.4406,47.8897,97.8149,60.006,58.3071,32.5918,40.1126,60.6154,80.8796,48.1914,112.676,48.2712,63.6866,64.2635,28.3918,53.9965,39.2696,34.0801
Haiti,HTI,6.39105,36.3689,14.6405,26.1896,29.8722,42.5593,28.7559,47.9718,19.9504,18.1686,23.1304,14.1036,48.1941,24.0693,12.0033,15.8547,51.8312,25.85,25.6327,39.6186,26.5071,17.6677,8.5576,13.6565,15.7639
Honduras,HND,18.9601,18.898,37.7822,28.1271,52.6938,35.4165,29.6862,5.73227,13.6043,7.47204,6.57181,21.8931,31.8344,33.4351,18.5995,14.0779,42.2477,26.8062,14.3654,14.7066,21.9079,26.6363,18.4472,16.4062,36.6442
Hungary,HUN,10.4173,9.74108,13.1737,25.5076,4.12845,16.9428,14.878,2.76518,19.7333,16.7933,10.4114,9.41214,6.69311,36.0067,8.74225,12.6529,3.4582,6.51968,13.5191,23.628,1.01718,3.5221,6.77119,16.6898,6.98645
Iceland,ISL,21.1893,49.4731,53.5979,44.466,46.3921,49.1374,41.9357,44.8123,46.7748,33.8575,44.3879,55.9567,51.2754,51.4715,21.4096,64.2086,24.6948,36.244,39.8552,23.2096,52.7366,25.6567,49.8188,54.561,36.0971
India,IND,10.0556,3.53389,7.35231,5.48291,3.59911,8.42537,3.91151,5.35149,3.85416,6.10794,4.53783,5.07381,7.38072,3.41179,8.40418,2.6609,1.06062,8.05562,5.29196,7.54275,3.32826,3.7663,6.25559,8.07315,6.29845
Indonesia,IDN,95.1606,153.164,121.518,75.2908,171.646,141.136,91.3394,203.539,179.435,169.902,124.66,138.578,160.72,78.453,151.49,118.214,160.384,201.717,148.136,240.492,151.29,156.192,177.859,147.083,84.6531
Iran,IRN,0.4496,1.12682,0.65851,1.02003,0.14561,2.06217,0.81579,2.92399,1.24552,0.78045,1.73629,0.2933,0.96116,0.4355,1.27059,0.74437,0.5021,1.02936,1.00806,0.63892,2.80235,1.68049,0.50607,0.27417,2.3945
Iraq,IRQ,0.01792,0.03691,0.01961,0.02863,0.07251,0.04858,0.07251,0.12718,0.12422,0.02623,0.12381,0.06617,0.02238,0.02173,0.05414,0.03482,0.02076,0.15276,0.0523,0.06474,0.35259,0.12222,0.11946,0.0873,0.22567
Ireland,IRL,10.8641,33.7789,29.8616,64.5934,14.4491,38.3944,36.2683,39.1363,49.4225,38.7756,38.0537,36.3982,17.496,47.0332,53.079,28.8224,31.9968,46.9758,36.3307,45.1769,44.9234,30.017,55.5196,29.6673,45.8946
Israel,ISR,0.08558,0.07633,0.02678,0.08558,0.08558,0.08558,0.08558,0.10759,0.04416,0.00165,0.02678,0.12982,0.14886,0.07023,0.07521,0.03439,0.04504,0.12211,0.12211,0.02829,0.12211,0.12211,0.15155,0.1343,0.0955
Italy,ITA,29.0172,24.5945,18.565,12.16,24.1628,52.7393,22.2927,38.1457,51.7722,24.836,39.6471,24.2556,32.9721,42.3652,37.1831,32.8108,28.1522,28.01,31.1851,48.5729,43.4574,28.7698,44.9973,55.0242,11.3223
Jamaica,JAM,31.7406,27.1567,95.509,30.8205,61.188,91.9093,43.5071,51.8958,73.3462,30.863,10.1897,13.8603,28.765,26.2335,2.87087,1.71033,66.562,36.1461,10.8961,34.3106,18.9702,9.18989,13.5365,34.6922,9.74995
Japan,JPN,62.3481,54.2187,69.1013,58.1175,34.5286,43.6658,44.9645,55.8777,48.121,41.4908,52.9223,38.1343,47.9582,56.9453,66.3567,62.9149,49.977,57.0271,78.5856,51.0053,39.47,53.3508,60.6224,62.2154,52.9273
Kazakhstan,KAZ,7.71049,9.05889,13.6191,7.60763,6.97365,5.967,6.22799,10.4939,10.6944,12.2649,15.1074,7.59982,12.4516,10.1597,6.44861,7.91674,9.1961,10.5216,12.7536,6.38891,8.33813,8.27687,12.569,11.9424,17.6571
Kenya,KEN,11.2949,10.0164,13.3563,6.89012,10.9665,6.78378,0.99362,12.7848,3.32437,3.39735,8.79275,19.1074,6.57046,15.4374,22.1186,23.5191,26.8115,21.6119,22.1578,24.2978,20.2493,15.6873,22.9427,22.7423,24.5305
Kiribati,KIR,37.8539,22.2366,27.9235,33.826,5.10652,6.81884,18.1278,3.82682,41.3442,5.01884,41.3442,41.3442,41.3442,41.3442,41.3442,41.3442,41.3442,41.3442,41.3442,41.3442,41.3442,41.3442,41.3442,41.3442,41.3442
Kosovo,XRK,25.978,14.036,19.9755,18.0977,1.66248,16.3286,15.1755,23.6168,31.3037,6.37249,12.2062,23.8459,6.49686,27.8462,51.437,43.9273,4.82175,14.9511,31.4628,29.1441,11.1122,12.812,15.5858,40.462,1.19426
Kuwait,KWT,0.00548,0.00548,0.00548,0.00548,0.0,0.0695,0.00548,0.00226,0.06142,0.00548,0.0695,0.00548,0.06279,0.00362,0.00548,0.00548,0.08099,0.00548,0.00548,0.00806,0.0695,0.1381,0.15698,0.1381,0.14048
Kyrgyz Republic,KGZ,6.30084,9.12762,8.02394,9.61055,6.49822,7.73457,0.84238,14.0213,13.5725,12.4657,7.75632,11.9756,7.81238,4.72912,7.53276,2.69503,5.62936,6.49027,12.7876,11.2631,6.67322,4.78732,8.03051,6.60282,10.0711
Lao PDR,LAO,3.61181,22.7406,4.82444,2.10789,9.11982,8.60326,16.9825,13.2116,10.7056,13.0489,10.8684,15.3814,3.47999,3.63122,3.05441,2.86736,5.03991,24.1061,3.15352,17.3818,17.6273,10.4651,41.9152,4.10921,16.1821
Latvia,LVA,24.802,24.7618,7.24751,13.3743,31.7132,10.6011,15.4699,26.9198,25.4352,25.1767,33.4442,7.91714,13.6212,10.3088,19.0272,17.3967,23.9994,28.739,7.26291,21.2943,15.3732,37.517,13.9352,20.0591,8.54807
Lebanon,LBN,0.00063,0.00137,0.0013,0.01115,0.00105,0.0013,0.00162,0.0,0.0,0.00092,0.00031,0.05893,0.01404,0.00031,0.0013,0.02751,0.00292,0.0013,0.00547,0.00137,0.00513,0.0,0.0077,0.06241,0.01949
Lesotho,LSO,0.94483,0.44241,1.17158,1.80776,0.62209,1.57056,15.3175,0.78395,3.43171,2.00339,6.88483,9.87684,4.64287,3.35549,0.29497,0.21318,2.06865,1.00883,11.6397,1.98806,6.14061,2.26925,3.13513,2.39011,9.97749
Liberia,LBR,29.0317,17.2016,3.85054,6.88285,7.80183,33.707,20.4288,24.2689,26.2797,31.1087,20.2635,19.0179,20.2677,14.2892,17.7738,22.8209,22.6539,20.5555,20.2589,25.1192,18.2106,15.9951,22.6606,22.6109,12.0287
Libya,LBY,0.45593,0.13016,0.22881,0.22468,0.43747,0.41988,0.40785,0.41912,0.23211,0.43924,0.2324,0.2321,0.40188,0.18736,0.51939,0.32815,0.31037,0.26374,0.25063,0.44508,0.51221,0.29307,0.32807,0.50026,0.29418
Liechtenstein,LIE,40.6654,24.5696,51.6529,67.0012,12.3559,56.3822,46.3633,32.0885,114.112,84.9189,83.5763,33.5978,26.5065,70.0973,50.4718,67.6677,23.7006,47.9631,75.988,51.8923,28.7869,49.4747,101.924,83.5987,26.8135
Lithuania,LTU,25.0015,20.7342,14.4174,7.90337,33.9261,15.9029,21.3974,36.5434,30.1697,19.4484,34.2579,11.9482,10.7153,24.4906,23.2079,16.7036,21.9705,31.8281,6.8969,22.1566,13.6017,25.5712,14.0242,22.0441,13.5672
Luxembourg,LUX,15.6237,28.9584,9.0775,42.3214,39.9648,7.23262,19.8959,11.2847,48.5325,43.1655,23.7567,44.4934,27.2236,36.5314,37.0026,22.1224,3.26982,46.5969,46.8001,21.9838,10.073,20.6731,48.1377,14.4254,37.0377
"Macao SAR, China",MAC,5.525,6.0625,2.65312,0.34687,4.275,0.50312,12.0812,27.125,0.30625,42.9531,5.46562,8.85625,2.39062,0.4375,7.09375,24.8656,16.0843,9.99375,0.7875,28.2531,2.51875,29.9906,2.85625,0.19375,31.1531
"Macedonia, FYR",MKD,16.9624,10.4426,11.8904,16.3147,3.7481,9.45988,7.33433,18.5024,23.0978,4.49986,6.79119,18.4746,8.82519,16.1651,27.9588,34.9705,1.68685,9.39043,33.5638,15.1309,11.0241,17.9859,13.4416,29.6167,0.54983
Madagascar,MDG,14.0037,24.831,10.3277,24.9779,12.3695,17.6554,29.613,23.9592,27.6478,15.8982,24.5468,36.0017,30.7666,21.7581,24.9279,24.7561,34.447,27.1759,36.5541,31.3443,20.8799,18.4044,17.8898,16.9362,19.2012
Malawi,MWI,1.83959,0.00157,2.816,1.33845,0.79562,0.68537,0.34531,1.01502,2.2879,0.66073,0.95301,0.00273,1.93283,0.62115,1.67778,0.3343,0.69738,1.18459,0.1914,0.30504,1.39433,0.30947,0.20232,3.17864,0.62941
Malaysia,MYS,125.419,118.966,136.286,121.304,206.227,174.089,116.803,76.3552,161.67,134.889,141.668,109.059,164.576,133.581,121.687,159.792,208.378,239.105,145.877,107.731,123.507,148.54,150.498,94.7298,118.765
Maldives,MDV,52.5738,52.169,52.2299,53.5699,60.9734,88.4571,74.2559,60.809,54.793,62.6246,98.5932,106.625,122.906,97.9354,75.2814,52.7055,91.226,106.744,63.9369,68.7703,65.7299,66.2909,77.0123,53.7433,72.1047
Mali,MLI,0.00648,0.01343,0.00452,0.00449,0.00268,0.03877,0.01706,0.00494,0.00578,0.00652,0.00897,0.09533,0.02116,0.01739,0.11146,0.04318,0.03051,0.02275,0.01716,0.01752,0.01886,0.01766,0.03245,0.01602,0.00659
Malta,MLT,0.01769,0.06989,0.0,0.13567,0.0,0.10028,0.00589,0.02949,0.01448,0.0,0.0,0.10401,0.0,0.08848,0.06488,0.20056,0.0,0.00589,0.01179,0.04719,0.01769,0.03159,0.0,0.04929,0.12387
Marshall Islands,MHL,114.771,27.3377,126.606,65.2078,111.618,96.6421,117.632,39.1734,92.5317,108.357,52.1244,108.984,80.3571,87.459,98.1793,81.3563,54.1822,128.094,86.3128,72.1095,111.917,118.858,70.178,152.877,125.479
Martinique,MTQ,122.241,123.25,157.572,82.9742,61.5024,90.6375,81.2748,48.7315,62.1551,117.268,65.5645,107.434,60.4099,126.94,56.6552,87.7262,105.468,120.778,43.604,16.2751,128.842,77.0921,97.2642,89.0426,56.9932
Mauritania,MRT,0.10289,0.03385,0.07284,0.03954,0.10926,0.44814,0.05993,0.10242,0.03446,0.03296,0.18286,0.23171,0.10702,0.16669,0.3249,0.0547,0.10617,0.06183,0.14132,0.07414,0.1035,0.05518,0.07626,0.02471,0.22037
Mauritius,MUS,49.9733,31.8692,35.9896,36.5312,23.4342,21.2365,37.6535,24.7887,34.95,31.875,30.9724,36.2271,27.0279,37.9955,47.283,30.4999,24.1807,37.285,61.9104,17.2414,34.8467,14.5861,27.0475,53.1098,54.936
Mayotte,MYT,4.34545,26.5272,3.00909,17.3181,14.8045,12.3045,5.05909,1.91818,11.2909,20.8409,10.7,16.959,17.0136,17.45,9.83636,12.2272,19.0363,6.67727,6.39545,2.82727,5.65,9.27727,12.7227,1.22272,2.15
Mexico,MEX,8.59753,23.6617,8.59988,13.2591,12.1889,8.27908,18.1626,5.95942,5.96044,6.85638,14.7395,8.17347,9.73224,9.20184,11.1494,5.80318,7.28291,6.2558,7.44446,5.83905,9.1553,10.8205,7.67275,7.33445,18.6162
Micronesia,FSM,152.004,84.8852,191.392,158.535,154.886,147.321,134.545,73.9487,226.67,252.295,193.445,213.391,158.085,167.02,97.794,174.795,128.557,104.318,96.6482,78.4496,200.665,202.434,124.176,210.526,153.905
Moldova,MDA,9.56893,15.2963,8.71849,7.91469,10.4926,27.1216,10.8864,12.5595,23.8475,4.9586,13.116,7.01951,13.6275,19.2716,24.6448,5.7671,20.6898,7.01582,4.27735,23.6101,0.97109,19.657,7.19915,10.511,3.1262
Monaco,MCO,5.66,35.61,0.87166,17.5633,35.665,26.8183,2.28666,5.175,18.6299,5.87333,5.06833,42.825,13.725,23.9599,13.8933,14.5633,16.8916,34.1033,28.815,20.8066,27.07,0.835,38.965,25.325,12.9816
Mongolia,MNG,1.70332,1.28491,0.78524,1.27865,0.82531,1.55833,0.92846,1.05768,1.12154,1.60847,0.97521,1.99902,2.73653,1.39938,1.81495,1.65919,1.8671,1.49022,1.14528,3.02503,2.12914,1.42265,1.6214,0.81243,1.54339
Montenegro,MNE,23.1775,14.7301,13.7943,18.1885,3.22846,16.6188,21.1793,15.0682,59.2051,11.6232,21.7748,29.9033,5.93516,66.802,52.7679,51.6869,17.0961,25.177,41.0549,40.0338,16.8643,3.42756,13.1162,54.7807,1.1563
Montserrat,MSR,98.65,96.4249,83.8785,58.4821,62.5928,81.0642,70.3,50.1785,54.7035,72.9142,68.4821,110.535,58.2857,122.11,50.5714,90.0749,113.357,104.9,60.1964,55.1321,112.371,41.9857,69.5392,79.0178,74.0857
Morocco,MAR,7.95182,1.55574,1.97194,1.15725,1.54816,1.01262,0.82412,0.08893,0.82812,1.40886,0.11785,0.0426,5.89262,4.13382,0.29375,1.79022,0.11183,4.31471,1.56359,7.16878,1.31639,1.53579,3.42241,2.64341,2.46587
Mozambique,MOZ,4.77409,2.16894,5.68014,7.21582,2.02715,3.53297,2.87991,6.49694,6.76171,7.67683,4.67591,4.93869,5.24859,5.77644,3.60723,5.01472,5.93825,7.73452,7.46629,6.53675,8.10576,3.65127,4.47051,7.11964,2.54294
Myanmar,MMR,6.58561,9.77521,1.6383,3.79863,0.92072,1.81536,1.65919,1.78083,5.12945,1.30303,2.77093,2.43633,4.9629,2.77247,2.90898,0.52563,1.37934,2.4634,1.70671,1.13916,3.37726,3.96242,2.9852,0.46233,6.94435
Namibia,NAM,0.04389,0.07155,0.20152,0.05914,0.08991,0.06191,0.06042,0.08583,0.05076,0.21031,0.76033,0.46578,0.26025,0.51897,0.24181,0.33582,0.42126,0.68796,0.25123,0.28535,0.49647,0.50172,0.44008,0.42568,0.36414
Nauru,NRU,131.3,183.0,175.0,164.0,79.1999,84.8,141.8,71.3,163.0,163.0,163.0,163.0,163.0,163.0,163.0,163.0,163.0,163.0,163.0,163.0,163.0,163.0,163.0,163.0,163.0
Nepal,NPL,1.69301,2.69463,0.0,0.77253,9.24882,0.0,7.70842,0.0326,0.8329,0.2282,0.6233,0.94337,6.5376,1.33101,0.28708,0.85901,1.16188,0.06963,1.58672,3.24071,0.44121,2.04958,0.34546,0.00026,1.05769
Netherlands,NLD,18.2667,32.1972,10.3731,26.2579,20.5793,6.85695,4.54611,18.1261,42.1696,43.9217,34.0372,38.7168,20.3977,35.5656,47.3556,16.2023,0.66241,32.6624,23.2874,24.4345,7.03395,18.6725,23.0416,22.0947,24.9652
Netherlands Antilles,ANT,4.61704,0.93475,7.92178,2.70138,4.33926,3.40316,4.58147,2.76648,9.332,11.1551,0.8337,6.10637,0.14674,20.0165,0.27708,20.2849,5.56074,13.2742,11.5512,0.6196,28.5276,10.1068,3.48245,0.55656,5.88299
New Caledonia,NCL,9.48349,17.565,11.5493,2.41932,15.2806,34.8446,11.6958,31.8514,31.1931,11.5641,23.382,7.43051,35.0869,16.7902,19.8041,13.5891,15.3106,19.0905,18.5839,5.99186,34.283,48.6228,46.8749,15.4003,37.2321
New Zealand,NZL,88.034,85.335,78.7593,105.599,102.683,98.4618,85.6504,83.4627,65.1669,88.0021,73.0223,97.7997,68.9313,115.833,85.7656,93.8689,55.9047,94.296,94.917,74.5273,92.9934,93.8116,93.9103,81.863,95.1472
Nicaragua,NIC,17.0148,30.1908,29.4264,14.5962,48.3129,44.2423,25.9995,3.77385,14.0409,5.0616,14.436,17.1634,58.9517,36.3601,30.3024,19.3366,35.4443,40.8441,7.90424,35.4862,15.5928,26.3494,38.2419,20.7124,45.0757
Niger,NER,0.00027,0.00027,0.00027,7e-05,0.00027,0.0,0.00027,6e-05,0.00027,0.00027,0.00031,0.00031,0.00044,0.00031,0.00031,0.00031,0.00036,0.00031,0.00027,0.00031,0.00807,0.00806,0.00031,0.0006,0.00413
Nigeria,NGA,0.35835,0.25546,1.084,1.56251,3.99429,1.35521,0.56078,3.43056,1.08177,0.72724,0.90891,2.1605,1.42791,4.08837,1.34939,2.04085,1.75221,3.31887,1.03011,1.72292,1.89177,3.1364,4.52866,3.04522,0.69953
Niue,NIU,13.9,33.4,17.4,61.55,47.8,25.25,84.85,80.3,78.8,98.8,19.95,56.5,66.85,88.8999,88.0,91.9499,86.9,88.0,87.3999,92.0,80.3499,87.1999,92.3,111.0,83.55
Norfolk Island,NFK,16.2999,33.4,18.2,30.4,38.0999,28.0,27.0,37.5,42.7,17.7999,27.5,10.4,12.6,21.0,31.1,19.7999,30.5,32.2999,13.7,18.6,28.0,50.7999,19.7,32.7,41.9
"Korea, Dem. Peopleâ€™s Rep.",PRK,7.77564,9.4114,9.23913,9.82074,2.82641,4.08006,14.8715,9.8019,2.82301,6.01736,8.80543,6.32729,6.61317,7.70095,6.41034,10.5779,10.4393,5.50881,6.29998,12.7347,3.91809,5.10592,12.2003,6.64459,12.5201
Northern Mariana Islands,MNP,147.199,139.399,154.399,172.399,128.1,175.199,142.1,126.199,148.399,170.899,147.699,187.399,190.6,173.699,170.0,229.0,153.6,181.0,166.899,138.899,282.899,205.399,175.699,227.5,106.4
Norway,NOR,38.3118,49.8025,37.9843,32.8234,62.1581,28.435,44.9725,45.6882,50.2253,62.1733,44.4104,47.5142,39.003,46.8757,50.736,49.9032,58.0078,43.3678,49.5162,49.6059,65.2268,62.9063,44.2676,47.6685,60.0372
Oman,OMN,0.27695,0.14049,0.13606,0.21878,0.15366,0.13607,0.171,0.13606,0.06308,0.1702,0.14584,1.06718,0.3147,0.17021,0.26015,0.3147,0.42533,0.15616,0.14446,0.42532,0.21242,0.33541,0.6447,0.67029,0.64971
Pakistan,PAK,2.31393,5.72004,1.00604,3.14767,5.22317,3.61843,5.63252,0.14916,0.26469,3.45484,3.21934,4.19328,4.45805,4.45713,5.4577,8.54544,0.60883,3.04629,3.95813,1.7683,3.11294,3.92358,2.25895,0.14626,6.34541
Palau,PLW,124.238,62.357,141.016,92.9186,66.6585,121.315,106.296,14.332,109.819,95.9722,174.915,115.825,174.313,106.674,45.579,181.174,106.071,118.654,176.66,89.7402,192.314,104.884,105.44,126.862,112.756
Panama,PAN,35.9274,33.8586,34.2357,26.9988,32.7335,47.3714,30.0547,20.3826,44.1788,36.2966,31.6789,13.4919,36.5508,36.8127,36.1599,31.4063,21.1319,36.7582,76.1454,56.8554,62.7822,27.0159,32.5158,35.5436,57.0666
Papua New Guinea,PNG,97.3011,114.477,89.251,102.793,143.665,148.784,193.203,203.596,204.032,185.772,174.566,203.207,206.256,200.692,173.649,189.88,179.353,177.665,204.785,182.817,191.759,191.739,203.773,180.256,170.491
Paraguay,PRY,7.67926,44.8899,23.109,14.964,8.88592,14.6955,26.2575,31.5803,2.67952,40.3471,19.7726,37.2755,23.1992,7.34394,15.5204,26.1455,5.06708,25.6634,27.6802,5.09538,17.5417,19.9261,17.6173,14.6518,63.0904
Peru,PER,35.2588,55.775,59.8479,51.8711,44.5194,59.9628,52.1808,50.7182,56.3772,76.4852,48.6008,48.6624,71.5082,81.0569,59.9821,55.9922,58.0746,69.7856,59.4567,40.2867,27.0087,24.8253,74.5302,71.6753,57.6487
Philippines,PHL,85.2046,24.289,70.6358,73.4439,46.2752,93.2191,63.4875,22.0277,151.714,149.23,102.094,61.034,50.1987,76.5072,22.8093,72.7303,39.577,145.252,96.0247,24.2418,76.5254,112.504,94.8362,71.1469,39.9916
Pitcairn Islands,PCN,39.0999,12.4,33.7,12.8,23.9,18.1,13.1,9.3,43.5,51.5,22.5,48.4,63.2,9.2,61.7999,117.0,117.0,117.0,117.0,117.0,117.0,117.0,117.0,117.0,117.0
Poland,POL,17.7252,24.319,18.3048,16.7786,15.4999,12.2777,7.46181,33.1995,27.9802,15.4719,24.4356,17.2536,10.1063,28.8471,11.8984,18.3747,15.9412,23.2287,8.58084,14.6247,3.41573,19.6501,21.648,17.0301,11.1953
Portugal,PRT,7.89923,2.07414,2.98272,5.6286,2.68468,9.2273,0.97077,4.9729,8.12934,7.62713,12.5956,2.75263,6.59326,3.36412,3.58277,14.9937,10.9228,2.52713,2.71943,2.73964,6.69527,2.61911,1.51138,5.60731,4.52013
Puerto Rico,PRI,45.6157,40.1962,45.5672,72.0141,59.5151,20.2095,14.5222,122.765,32.8525,34.3743,40.8573,38.5381,55.5308,73.7923,5.81474,34.4076,53.3163,39.0247,70.6886,48.6098,63.4303,15.1846,60.534,22.8049,60.6619
Qatar,QAT,0.0,0.0,0.0,0.0,0.0,0.0,0.0,0.0,0.0,0.0,0.0,0.0,0.0,0.0,0.0,0.0,0.0,0.0,0.0,0.0,0.0,0.0,0.0,0.0,0.0
Reunion,REU,12.7306,23.812,45.1384,12.7075,29.181,13.8513,38.7945,35.2214,14.1836,7.87414,10.6767,17.3485,31.0319,29.9108,39.4091,64.8785,8.98799,17.0231,59.3622,51.1719,39.2284,39.6002,38.7646,17.4146,29.9621
Romania,ROM,12.9447,15.9105,17.07,14.9881,14.0635,28.5029,13.4648,15.29,21.8549,5.33681,17.5934,15.8693,14.8187,33.8485,23.1817,18.972,16.5375,11.182,14.9519,33.9947,1.24473,14.5909,6.58026,17.3165,7.53229
Russian Federation,RUS,15.8004,17.4263,17.1618,14.8266,20.3363,13.0255,19.0219,19.3782,13.2833,17.1916,19.3785,18.4037,14.3821,19.7372,11.3874,16.6078,17.7958,19.9512,17.7468,15.0704,16.7579,14.2142,15.7242,17.9018,19.7974
Rwanda,RWA,25.3732,8.69752,0.68088,8.07719,3.9251,28.6697,17.1068,7.42504,0.98817,9.10133,7.5475,1.51348,7.65003,5.24059,1.8236,10.2547,29.3905,9.34876,8.775,11.4195,51.585,8.80459,8.80459,17.6885,11.598
Samoa,WSM,41.5881,55.4348,78.1721,112.413,103.463,60.53,97.9458,23.8714,75.8937,92.9814,61.139,76.9053,109.801,60.1501,116.1,127.473,106.869,128.834,91.5608,101.264,47.5108,81.0664,154.015,84.63,67.9721
San Marino,SMR,14.4878,20.9752,1.35585,4.38662,15.0527,31.4645,22.5011,13.3735,25.6671,12.9633,26.2436,5.74172,9.90311,13.406,29.3998,20.0524,4.60984,17.1651,14.4603,36.8969,13.63,5.3984,22.9159,22.2906,0.09929
Sao Tome and Principe,STP,46.8173,33.7274,60.5023,44.6768,34.2561,26.5102,66.771,60.4763,76.8557,56.4201,40.6034,60.6577,63.751,66.6215,36.8085,49.8995,79.8461,27.2096,24.4236,65.3102,26.6869,51.1593,48.6081,38.2312,48.4437
Saudi Arabia,SAU,1.16261,0.96653,1.04087,1.1736,0.84349,0.69481,0.95001,0.65358,0.951,1.05287,0.89276,1.01417,0.7757,0.80957,0.75941,1.01592,1.01417,1.01235,0.78309,0.82046,1.01806,1.26196,1.03129,1.0193,1.07295
Senegal,SEN,0.00031,0.0366,0.03371,0.00036,0.00036,0.0138,0.0,0.00135,0.01028,0.00154,0.00091,0.03209,0.01025,0.00719,0.0026,0.00419,0.0019,0.00226,0.00106,0.00046,0.00623,0.00089,0.00667,0.00233,0.00205
Serbia,SRB,20.2766,11.0742,20.3915,23.4644,3.30375,34.1776,24.3607,18.6459,29.9872,8.33584,13.9322,16.8092,7.54577,29.1966,34.1341,32.5125,8.87827,9.34613,22.9903,47.5207,5.96917,7.18779,8.91106,33.2468,3.30322
Seychelles,SYC,27.5324,26.3841,29.7158,47.8268,40.1126,41.572,45.3288,24.1643,48.2479,25.5443,17.2527,30.8498,39.708,25.5471,57.2147,34.2608,51.9761,26.6083,31.2052,32.9037,32.5836,37.005,24.7208,19.8808,46.5521
Sierra Leone,SLE,3.82907,3.62286,1.5077,5.05475,0.12071,11.603,10.8281,4.74337,7.61842,2.88802,4.63813,7.98553,4.65924,4.45997,5.12715,5.38062,5.33217,4.68759,4.65924,3.13927,4.62949,4.57543,5.51412,4.88454,3.30378
Singapore,SGP,57.2288,100.211,73.6745,33.4067,113.34,119.294,31.0203,55.6728,92.6525,106.03,100.366,81.1762,89.2881,43.4186,52.4694,116.479,133.842,119.081,70.7627,28.7915,47.4898,79.3372,120.718,3.07118,65.8203
Slovak Republic,SVK,8.77874,16.4872,23.4524,16.4506,6.40589,26.3068,21.7689,17.0758,21.475,25.1768,17.9664,18.4245,14.0782,29.7936,12.3321,18.3438,7.04184,14.2702,10.6696,22.3665,0.99249,12.0379,16.9561,27.8927,15.6125
Slovenia,SVN,29.7779,28.1069,5.50297,38.098,21.4319,20.1999,22.8773,5.74393,50.2622,12.7141,26.5818,19.1665,8.27377,75.7327,21.3093,49.9619,8.07557,39.0497,80.5168,53.7049,5.66439,9.61866,36.7644,40.5981,2.54441
Solomon Islands,SLB,107.293,173.48,176.998,174.432,179.226,180.566,179.226,179.226,179.226,179.226,179.226,179.226,179.226,179.226,179.226,179.226,179.226,179.226,179.226,179.226,179.226,179.226,179.226,179.226,179.226
Somalia,SOM,2.29684,2.3889,3.75827,1.59198,1.77844,2.47878,1.84928,2.43298,1.74117,2.39106,2.76019,3.009,2.73521,3.63253,3.31433,3.17173,3.34063,3.25176,3.5255,3.35865,3.35243,3.99249,3.24702,3.32738,3.25049
South Africa,ZAF,4.87694,4.89625,11.217,4.62347,7.3696,6.39183,11.3452,2.90714,5.36433,5.53267,6.91685,15.0966,5.91538,6.15042,2.90478,6.96505,7.71507,9.73439,12.526,5.25173,5.87221,3.4776,6.50278,8.01769,5.41119
"Korea, Rep.",KOR,18.2396,28.3328,22.3518,15.3509,5.3615,12.8286,13.0008,6.80699,9.73229,3.61268,15.3745,6.89596,15.931,10.2733,10.7112,17.931,10.57,10.8801,12.5511,14.8066,10.1163,13.6182,19.3044,14.9143,26.9702
Spain,ESP,10.0839,12.9036,10.3949,8.82293,17.2808,19.6393,3.33178,11.1495,18.0631,10.3447,11.2458,20.9258,11.8582,18.8082,7.7178,19.1777,9.96716,13.4525,14.377,10.6378,17.3977,9.64178,18.5429,16.0907,14.5493
Sri Lanka,LKA,50.4981,1.4228,21.8218,17.4574,21.0238,3.13019,6.92516,5.94034,24.3717,16.3091,15.2029,27.7806,25.8405,30.2656,22.7678,37.3815,30.8414,33.0644,23.6578,26.1874,31.2122,18.8264,42.0646,42.8487,20.8749
Saint Helena,SHN,15.95,10.95,7.2,8.05,16.9,18.15,19.8499,6.45,12.95,19.25,10.45,12.5,18.65,7.65,8.5,24.5499,21.2,28.75,23.4,28.25,26.25,10.95,6.45,5.2,12.65
"Saint Kitts and Nevis, Federation of",KNA,92.5,80.425,65.9499,41.0,45.325,59.1,51.0999,42.95,41.5,53.45,56.5499,96.225,46.275,94.425,37.075,75.4749,97.65,86.8499,48.875,46.75,90.9,23.0,55.475,60.65,52.2
Saint Lucia,LCA,92.4111,86.0333,113.911,68.7888,46.3777,61.3444,54.3444,31.1444,42.9111,86.7888,39.8666,66.6222,39.9666,85.6111,41.4666,65.1555,71.8,87.9111,28.1111,5.17777,96.0333,71.5,70.2111,59.1333,42.2444
Saint Vincent and the Grenadines,VCT,42.3899,35.4399,47.5799,35.5099,25.25,29.47,30.55,20.09,18.94,77.47,18.05,31.92,18.6199,39.26,23.85,46.6199,33.9699,41.4399,16.8499,2.11,58.3699,41.9399,26.29,24.5499,20.17
Sudan,SDN,0.74294,0.7793,1.46356,0.4523,1.51699,1.10008,0.80956,0.56624,1.12572,0.44556,0.94021,0.82702,1.51826,0.73936,0.57794,0.44639,0.55751,0.73737,0.74135,1.82242,1.06333,1.20704,1.24039,1.12112,0.9291
Suriname,SUR,34.2219,23.2462,72.1061,62.0061,37.9097,54.007,17.3373,51.3331,21.3823,74.069,50.1042,29.4305,56.6059,32.586,41.2629,45.6789,80.9604,40.3709,32.5395,54.6242,57.5809,19.3369,72.8429,26.3127,22.8797
Svalbard & Jan Mayen Islands,SJM,13.6548,22.2032,16.3883,26.5911,18.8364,19.5699,18.813,26.1202,18.8745,17.963,17.9376,18.4917,17.0046,23.8628,26.0026,17.6231,23.0341,27.6455,26.3356,26.1646,26.3374,26.3084,25.885,26.0078,25.8003
"Swaziland, Kingdom of",SWZ,2.07115,0.4531,5.76662,2.23615,2.34237,1.09918,21.9663,0.07555,6.52998,3.10808,6.96178,6.27052,4.90737,7.70404,6.29581,1.83364,4.03392,1.9863,13.4994,1.19815,9.81417,0.84102,1.61835,1.66999,5.36948
Sweden,SWE,18.1937,25.4523,17.3761,13.3992,20.1229,11.4297,35.7522,32.4936,37.2818,32.5286,29.9781,22.4949,18.0512,18.6236,18.8281,26.9704,20.7771,33.1745,21.9647,23.3088,19.9689,25.5403,15.2759,32.8825,32.0202
Switzerland,CHE,29.4812,30.2756,34.7485,70.7983,20.4918,50.949,50.2308,30.1757,100.432,49.4398,55.7837,32.1041,29.6201,65.8662,40.6968,46.3168,17.7429,42.4744,70.9417,43.0638,32.0441,22.3629,76.9968,59.5439,18.4072
Syrian Arab Republic,SYR,0.03221,0.01814,0.04903,0.17944,0.03577,0.09832,0.04228,0.04564,0.43873,0.01477,0.03519,0.3524,0.18924,0.00452,0.04335,0.10348,0.22273,0.02293,0.16679,0.02338,0.08148,0.14661,0.04261,0.42245,0.1241
Tajikistan,TJK,2.18001,2.73786,0.84838,0.67792,0.54798,0.7029,2.76368,2.26031,3.67805,4.43022,1.18351,2.04525,4.09064,1.91406,0.48845,2.59625,0.63934,2.57017,1.20037,3.50393,1.70448,1.51651,1.78575,1.49307,2.16502
Tanzania,TZA,8.53844,4.39568,6.2783,6.41992,3.52707,5.36803,3.46899,3.04903,9.49986,4.34623,7.47212,3.39275,4.085,1.6048,3.69751,8.35129,10.7448,3.00821,2.51983,2.27363,4.23732,2.37388,2.57244,3.50676,2.54895
Thailand,THA,7.57924,4.18191,3.55943,3.18014,8.32865,9.09338,3.45992,9.47327,23.0178,16.4486,6.95696,5.81661,10.892,12.2117,3.57007,9.71881,10.2863,20.4546,6.30275,11.6966,14.3328,17.7883,21.8456,2.51697,15.518
"Bahamas, The",BHS,25.3619,15.5531,27.3143,57.7463,38.1164,27.808,36.822,17.7638,20.1848,29.8733,21.0555,18.9819,40.291,21.0654,17.1638,23.9227,47.4814,45.7164,24.6856,30.7625,26.6048,14.1278,14.5028,33.1717,15.6918
"Gambia, The",GMB,0.0,0.01459,0.01409,0.00264,0.00264,0.00264,0.0,0.0,0.0,0.0,0.00074,0.01001,0.00264,0.01624,0.00265,0.01265,0.00264,0.00264,0.00264,0.00074,0.0,0.00264,0.01451,0.00403,0.00264
Timor-Leste,TLS,0.01366,0.64019,0.90917,0.21263,0.79544,6.96955,0.0,8.46855,1.71565,4.49077,8.48523,6.32579,5.11199,9.16014,3.25613,4.6926,17.4188,5.05527,3.98334,34.8497,2.26127,10.1248,16.4255,3.37299,2.01885
Togo,TGO,2.69833,0.13526,0.34998,0.20686,0.16136,2.96956,1.22337,8.98672,0.61855,0.59583,0.70886,0.85701,5.57074,1.17147,0.17083,0.9731,0.02669,0.92354,2.6193,3.54755,0.0389,9.38801,10.2909,2.81663,0.55951
Tokelau,TKL,106.349,168.5,148.471,85.8214,116.01,97.9428,157.907,158.678,158.678,158.678,158.678,158.678,158.678,158.678,158.678,158.678,158.678,158.678,158.678,158.678,158.678,158.678,158.678,158.678,158.678
Tonga,TON,25.3813,35.6959,34.3114,50.677,42.7498,31.2118,19.3936,23.7708,67.824,62.3453,56.1499,43.2606,62.7062,72.3542,78.0642,73.6753,74.8937,77.9832,72.3698,73.5665,101.986,74.0886,79.158,73.9349,73.0145
Trinidad and Tobago,TTO,45.6873,12.7522,23.6445,38.2219,27.8116,27.6486,38.0526,17.5489,20.5075,57.8549,18.096,29.7857,9.17644,28.1069,17.0817,32.1157,33.881,33.3786,35.1206,3.94063,53.2983,61.9126,16.0989,17.3615,29.7062
Tunisia,TUN,0.26474,2.4958,0.28852,0.45787,0.35869,3.74281,0.22484,0.00175,3.71836,0.01739,0.21529,3.48804,0.19692,1.48983,2.16201,2.91039,0.45368,3.50307,0.31386,2.40008,4.50648,1.43993,0.51617,1.24885,2.3167
Turkey,TUR,7.83946,7.90115,5.07762,8.05371,11.5541,10.8086,15.0428,3.34985,19.3976,6.38404,11.0597,23.9593,8.07899,6.84109,12.1828,6.40023,7.90523,8.7401,7.45247,5.0425,12.7322,10.3338,10.7829,13.9631,5.82473
Turkmenistan,TKM,0.04134,0.69147,0.93911,0.57439,0.12654,0.07043,0.01294,0.82149,1.90539,1.04542,0.13934,0.16252,0.1477,0.0356,1.84953,0.23581,0.07013,0.24028,0.45022,0.86553,0.01617,0.63257,0.90118,0.01389,0.09548
Turks and Caicos Islands,TCA,38.8142,41.3428,44.4428,62.0857,49.7428,52.6428,41.7,50.1714,29.9,33.5142,36.7714,36.2428,28.4571,28.8285,32.8142,32.5714,65.9428,43.1857,47.8285,60.9714,55.1285,36.7142,43.8428,32.3142,41.3857
Tuvalu,TUV,201.858,138.829,166.085,174.89,170.656,164.33,170.268,211.181,133.55,142.761,161.795,204.726,194.437,189.523,141.343,167.981,180.672,159.937,185.433,183.834,185.433,185.433,185.433,185.433,185.433
Uganda,UGA,35.1209,21.5199,39.8118,33.0483,16.3794,40.9508,8.56964,22.9783,18.0053,23.8793,27.0402,52.0841,34.2976,19.26,28.3441,21.5637,37.8118,22.0438,39.7974,56.636,27.1921,23.6602,40.5832,41.0349,31.8268
Ukraine,UKR,11.3607,17.5841,16.5384,13.991,13.6776,27.2208,14.4945,23.1165,21.7566,7.369,25.6586,14.9345,22.9729,23.5875,11.7297,12.4503,18.1672,13.6343,6.76868,23.0003,5.47675,25.7897,13.7859,15.5187,13.5675
United Arab Emirates,ARE,0.0,0.03501,0.0,5e-05,0.00793,0.0,0.02623,0.0014,0.00594,0.00793,0.0,0.19879,0.00793,0.00802,0.0,0.0,5e-05,0.02691,0.0,0.0,0.01042,0.00848,0.01393,0.34247,0.09349
United Kingdom,GBR,23.6001,44.6943,32.5929,51.5359,19.4244,43.4101,29.6039,44.1216,46.1448,55.3096,47.8178,48.696,28.8274,46.529,67.4682,40.6291,25.3919,48.8086,60.5997,43.9767,37.9034,38.2378,55.2791,25.7465,47.8588
United States,USA,34.5711,37.1292,41.7792,41.8655,32.5575,43.3719,45.8641,41.6406,30.5232,36.2179,41.0633,28.0412,27.4009,39.7067,43.4318,32.926,32.4459,42.1148,34.9198,39.5081,38.4286,33.7364,37.0164,36.2645,39.5467
Uruguay,URY,36.3753,59.0969,33.8389,63.1954,17.4524,16.821,49.8585,49.762,25.7991,69.596,56.1146,70.4798,51.9868,40.8149,39.4588,26.2642,22.1956,31.6244,17.9037,29.0923,58.5805,39.8061,29.9067,27.1625,24.8395
Uzbekistan,UZB,0.39911,1.9561,1.72296,0.80803,0.39928,0.94783,0.44267,1.26224,2.58896,1.545,0.39227,1.04698,0.51576,0.79405,0.6509,0.06219,0.09187,0.80748,2.14604,1.51134,0.53304,0.73711,1.05988,0.31954,1.31339
Vanuatu,VUT,70.947,34.2467,44.8116,42.8187,49.2243,48.5048,28.5465,75.3601,176.134,152.308,156.452,152.782,152.943,43.5787,60.7207,74.6435,156.462,153.402,152.438,44.2962,153.652,155.354,152.49,155.445,152.761
"Venezuela, RB",VEN,28.0995,21.8458,43.1726,37.609,18.4204,48.512,52.5469,16.8166,61.5982,74.8669,14.7066,26.5123,14.2098,25.1088,32.3597,48.819,12.4228,46.0655,34.0127,17.005,75.894,68.6431,24.078,28.2241,29.7111
Vietnam,VNM,14.8579,35.3283,24.8236,13.2944,21.7449,17.3055,24.7278,20.8839,15.4733,23.422,25.0334,20.0285,25.8375,28.3406,17.5921,19.2989,22.5017,26.5981,13.3308,17.6805,20.9222,26.6722,45.2822,14.8243,18.5884
Virgin Islands (U.S.),VIR,74.3588,57.9441,35.6352,64.2235,51.3852,22.1058,17.4058,120.211,30.5117,33.8441,48.3441,61.0794,51.6558,105.326,9.03235,41.647,69.5058,42.4352,85.9794,53.3029,88.05,12.2441,65.797,28.3676,55.2382
Wallis and Futuna,WLF,94.6154,70.0051,79.9418,123.335,136.412,71.2386,178.884,72.4337,75.1233,136.883,139.252,108.343,118.052,63.5682,99.528,150.348,101.988,136.383,123.283,104.259,59.3204,92.9714,155.264,117.437,99.2129
Western Sahara,ESH,0.00641,0.00033,0.00195,0.00451,0.00809,0.02894,0.00067,0.00791,0.0078,0.0194,0.00016,0.0053,0.00466,0.0194,0.02608,0.01124,0.00529,0.00852,0.02652,0.01786,0.0154,0.00924,0.01114,0.00577,0.02009
"Yemen, Rep.",YEM,4.50715,6.25137,5.90875,0.92501,1.54608,5.20151,6.15557,6.29997,6.51251,5.41461,6.1673,6.21107,6.45282,6.27443,6.13877,6.16024,6.18643,6.45376,6.18801,6.16717,6.45501,6.45394,6.28452,6.26025,6.16506
Zambia,ZMB,0.00539,0.00683,0.04821,0.0242,0.00479,0.01018,0.03097,0.02091,0.12879,0.08266,0.03845,0.01019,0.1147,0.02425,0.08027,0.0274,0.08998,0.0343,0.04938,0.04763,0.14086,0.02907,0.03116,0.06202,0.05711
Zimbabwe,ZWE,0.41949,0.44519,1.19789,0.82976,0.5833,1.61312,0.71902,0.4425,1.83942,1.16511,1.52835,0.85117,0.20252,0.82211,0.12103,0.64742,0.2521,0.32847,0.86167,0.70261,0.70742,0.06449,1.4269,0.58206,0.07708
